{"time":"2020-04-06 09:30:00","sewer_and_water":"-","power":"9.0","roads_and_bridges":"4.0","medical":"-","buildings":"-","shake_intensity":"-","location":"7"}
{"time":"2020-04-08 08:40:00","sewer_and_water":"-","power":"9.0","roads_and_bridges":"7.0","medical":"-","buildings":"-","shake_intensity":"5.0","location":"7"}
{"time":"2020-04-08 08:40:00","sewer_and_water":"-","power":"9.0","roads_and_bridges":"6.0","medical":"-","buildings":"-","shake_intensity":"5.0","location":"7"}
{"time":"2020-04-08 09:10:00","sewer_and_water":"-","power":"8.0","roads_and_bridges":"6.0","medical":"-","buildings":"7.0","shake_intensity":"5.0","location":"7"}
{"time":"2020-04-08 09:10:00","sewer_and_water":"-","power":"8.0","roads_and_bridges":"6.0","medical":"-","buildings":"-","shake_intensity":"4.0","location":"7"}
{"time":"2020-04-08 09:10:00","sewer_and_water":"-","power":"8.0","roads_and_bridges":"7.0","medical":"-","buildings":"-","shake_intensity":"5.0","location":"7"}
{"time":"2020-04-08 09:40:00","sewer_and_water":"-","power":"9.0","roads_and_bridges":"7.0","medical":"-","buildings":"-","shake_intensity":"6.0","location":"7"}
{"time":"2020-04-08 09:40:00","sewer_and_water":"-","power":"8.0","roads_and_bridges":"7.0","medical":"-","buildings":"-","shake_intensity":"5.0","location":"7"}
{"time":"2020-04-08 10:15:00","sewer_and_water":"-","power":"8.0","roads_and_bridges":"5.0","medical":"-","buildings":"-","shake_intensity":"5.0","location":"7"}
{"time":"2020-04-08 10:15:00","sewer_and_water":"-","power":"7.0","roads_and_bridges":"5.0","medical":"-","buildings":"-","shake_intensity":"5.0","location":"7"}
{"time":"2020-04-08 10:15:00","sewer_and_water":"-","power":"9.0","roads_and_bridges":"6.0","medical":"-","buildings":"-","shake_intensity":"5.0","location":"7"}
{"time":"2020-04-08 10:15:00","sewer_and_water":"-","power":"8.0","roads_and_bridges":"6.0","medical":"-","buildings":"-","shake_intensity":"5.0","location":"7"}
{"time":"2020-04-08 10:25:00","sewer_and_water":"-","power":"7.0","roads_and_bridges":"6.0","medical":"-","buildings":"-","shake_intensity":"5.0","location":"7"}
{"time":"2020-04-08 11:05:00","sewer_and_water":"-","power":"8.0","roads_and_bridges":"7.0","medical":"-","buildings":"-","shake_intensity":"5.0","location":"7"}
{"time":"2020-04-08 11:05:00","sewer_and_water":"-","power":"7.0","roads_and_bridges":"7.0","medical":"-","buildings":"-","shake_intensity":"0.0","location":"7"}
{"time":"2020-04-08 11:10:00","sewer_and_water":"-","power":"8.0","roads_and_bridges":"5.0","medical":"-","buildings":"-","shake_intensity":"5.0","location":"7"}
{"time":"2020-04-08 11:10:00","sewer_and_water":"-","power":"8.0","roads_and_bridges":"5.0","medical":"-","buildings":"-","shake_intensity":"6.0","location":"7"}
{"time":"2020-04-08 11:10:00","sewer_and_water":"-","power":"9.0","roads_and_bridges":"6.0","medical":"-","buildings":"-","shake_intensity":"4.0","location":"7"}
{"time":"2020-04-08 11:10:00","sewer_and_water":"-","power":"8.0","roads_and_bridges":"5.0","medical":"-","buildings":"2.0","shake_intensity":"5.0","location":"7"}
{"time":"2020-04-08 11:10:00","sewer_and_water":"-","power":"8.0","roads_and_bridges":"6.0","medical":"-","buildings":"-","shake_intensity":"0.0","location":"7"}
{"time":"2020-04-08 12:35:00","sewer_and_water":"-","power":"8.0","roads_and_bridges":"6.0","medical":"-","buildings":"-","shake_intensity":"5.0","location":"7"}
{"time":"2020-04-08 12:50:00","sewer_and_water":"-","power":"8.0","roads_and_bridges":"6.0","medical":"-","buildings":"-","shake_intensity":"5.0","location":"7"}
{"time":"2020-04-08 16:25:00","sewer_and_water":"-","power":"8.0","roads_and_bridges":"6.0","medical":"-","buildings":"-","shake_intensity":"6.0","location":"7"}
{"time":"2020-04-08 16:50:00","sewer_and_water":"-","power":"9.0","roads_and_bridges":"5.0","medical":"-","buildings":"-","shake_intensity":"4.0","location":"7"}
{"time":"2020-04-09 17:30:00","sewer_and_water":"-","power":"7.0","roads_and_bridges":"7.0","medical":"-","buildings":"-","shake_intensity":"4.0","location":"7"}
{"time":"2020-04-10 19:40:00","sewer_and_water":"-","power":"10.0","roads_and_bridges":"2.0","medical":"-","buildings":"-","shake_intensity":"0.0","location":"7"}
{"time":"2020-04-06 07:00:00","sewer_and_water":"-","power":"4.0","roads_and_bridges":"9.0","medical":"-","buildings":"-","shake_intensity":"-","location":"7"}
{"time":"2020-04-08 08:35:00","sewer_and_water":"-","power":"8.0","roads_and_bridges":"6.0","medical":"-","buildings":"-","shake_intensity":"6.0","location":"7"}
{"time":"2020-04-08 09:05:00","sewer_and_water":"-","power":"8.0","roads_and_bridges":"6.0","medical":"-","buildings":"-","shake_intensity":"4.0","location":"7"}
{"time":"2020-04-08 09:05:00","sewer_and_water":"-","power":"10.0","roads_and_bridges":"6.0","medical":"-","buildings":"-","shake_intensity":"5.0","location":"7"}
{"time":"2020-04-08 09:05:00","sewer_and_water":"-","power":"8.0","roads_and_bridges":"6.0","medical":"-","buildings":"-","shake_intensity":"6.0","location":"7"}
{"time":"2020-04-08 09:05:00","sewer_and_water":"-","power":"9.0","roads_and_bridges":"7.0","medical":"-","buildings":"-","shake_intensity":"4.0","location":"7"}
{"time":"2020-04-08 09:35:00","sewer_and_water":"-","power":"8.0","roads_and_bridges":"5.0","medical":"-","buildings":"-","shake_intensity":"5.0","location":"7"}
{"time":"2020-04-08 09:35:00","sewer_and_water":"-","power":"8.0","roads_and_bridges":"7.0","medical":"-","buildings":"-","shake_intensity":"6.0","location":"7"}
{"time":"2020-04-08 09:35:00","sewer_and_water":"-","power":"7.0","roads_and_bridges":"6.0","medical":"-","buildings":"-","shake_intensity":"5.0","location":"7"}
{"time":"2020-04-08 09:35:00","sewer_and_water":"-","power":"7.0","roads_and_bridges":"6.0","medical":"-","buildings":"-","shake_intensity":"4.0","location":"7"}
{"time":"2020-04-08 09:35:00","sewer_and_water":"-","power":"7.0","roads_and_bridges":"6.0","medical":"-","buildings":"-","shake_intensity":"5.0","location":"7"}
{"time":"2020-04-08 10:45:00","sewer_and_water":"-","power":"8.0","roads_and_bridges":"6.0","medical":"-","buildings":"-","shake_intensity":"5.0","location":"7"}
{"time":"2020-04-08 10:45:00","sewer_and_water":"-","power":"8.0","roads_and_bridges":"6.0","medical":"-","buildings":"-","shake_intensity":"5.0","location":"7"}
{"time":"2020-04-08 10:45:00","sewer_and_water":"-","power":"8.0","roads_and_bridges":"6.0","medical":"-","buildings":"-","shake_intensity":"4.0","location":"7"}
{"time":"2020-04-08 10:50:00","sewer_and_water":"-","power":"8.0","roads_and_bridges":"5.0","medical":"-","buildings":"-","shake_intensity":"4.0","location":"7"}
{"time":"2020-04-08 11:15:00","sewer_and_water":"-","power":"8.0","roads_and_bridges":"6.0","medical":"-","buildings":"-","shake_intensity":"5.0","location":"7"}
{"time":"2020-04-08 11:15:00","sewer_and_water":"-","power":"8.0","roads_and_bridges":"6.0","medical":"-","buildings":"-","shake_intensity":"5.0","location":"7"}
{"time":"2020-04-08 11:15:00","sewer_and_water":"-","power":"8.0","roads_and_bridges":"6.0","medical":"-","buildings":"-","shake_intensity":"0.0","location":"7"}
{"time":"2020-04-08 11:20:00","sewer_and_water":"-","power":"7.0","roads_and_bridges":"6.0","medical":"-","buildings":"-","shake_intensity":"6.0","location":"7"}
{"time":"2020-04-08 11:20:00","sewer_and_water":"-","power":"8.0","roads_and_bridges":"7.0","medical":"-","buildings":"-","shake_intensity":"0.0","location":"7"}
{"time":"2020-04-08 15:35:00","sewer_and_water":"-","power":"8.0","roads_and_bridges":"6.0","medical":"-","buildings":"-","shake_intensity":"3.0","location":"7"}
{"time":"2020-04-09 16:05:00","sewer_and_water":"-","power":"8.0","roads_and_bridges":"6.0","medical":"-","buildings":"-","shake_intensity":"3.0","location":"7"}
{"time":"2020-04-09 16:20:00","sewer_and_water":"-","power":"9.0","roads_and_bridges":"6.0","medical":"-","buildings":"-","shake_intensity":"4.0","location":"7"}
{"time":"2020-04-09 23:10:00","sewer_and_water":"-","power":"10.0","roads_and_bridges":"0.0","medical":"-","buildings":"-","shake_intensity":"-","location":"7"}
{"time":"2020-04-06 14:25:00","sewer_and_water":"-","power":"5.0","roads_and_bridges":"5.0","medical":"-","buildings":"-","shake_intensity":"1.0","location":"7"}
{"time":"2020-04-08 08:50:00","sewer_and_water":"-","power":"9.0","roads_and_bridges":"7.0","medical":"-","buildings":"-","shake_intensity":"4.0","location":"7"}
{"time":"2020-04-08 08:50:00","sewer_and_water":"-","power":"7.0","roads_and_bridges":"5.0","medical":"-","buildings":"-","shake_intensity":"6.0","location":"7"}
{"time":"2020-04-08 08:50:00","sewer_and_water":"-","power":"8.0","roads_and_bridges":"6.0","medical":"-","buildings":"-","shake_intensity":"4.0","location":"7"}
{"time":"2020-04-08 08:50:00","sewer_and_water":"-","power":"7.0","roads_and_bridges":"5.0","medical":"-","buildings":"-","shake_intensity":"4.0","location":"7"}
{"time":"2020-04-08 09:20:00","sewer_and_water":"-","power":"8.0","roads_and_bridges":"6.0","medical":"-","buildings":"-","shake_intensity":"6.0","location":"7"}
{"time":"2020-04-08 09:20:00","sewer_and_water":"-","power":"8.0","roads_and_bridges":"6.0","medical":"-","buildings":"-","shake_intensity":"6.0","location":"7"}
{"time":"2020-04-08 09:20:00","sewer_and_water":"-","power":"8.0","roads_and_bridges":"6.0","medical":"-","buildings":"-","shake_intensity":"4.0","location":"7"}
{"time":"2020-04-08 09:20:00","sewer_and_water":"7.0","power":"7.0","roads_and_bridges":"5.0","medical":"-","buildings":"-","shake_intensity":"5.0","location":"7"}
{"time":"2020-04-08 09:20:00","sewer_and_water":"-","power":"8.0","roads_and_bridges":"5.0","medical":"-","buildings":"-","shake_intensity":"5.0","location":"7"}
{"time":"2020-04-08 09:20:00","sewer_and_water":"-","power":"8.0","roads_and_bridges":"6.0","medical":"-","buildings":"-","shake_intensity":"6.0","location":"7"}
{"time":"2020-04-08 09:20:00","sewer_and_water":"-","power":"9.0","roads_and_bridges":"6.0","medical":"-","buildings":"-","shake_intensity":"5.0","location":"7"}
{"time":"2020-04-08 09:50:00","sewer_and_water":"-","power":"9.0","roads_and_bridges":"6.0","medical":"-","buildings":"-","shake_intensity":"6.0","location":"7"}
{"time":"2020-04-08 09:50:00","sewer_and_water":"-","power":"9.0","roads_and_bridges":"5.0","medical":"-","buildings":"-","shake_intensity":"5.0","location":"7"}
{"time":"2020-04-08 09:50:00","sewer_and_water":"-","power":"8.0","roads_and_bridges":"6.0","medical":"-","buildings":"-","shake_intensity":"5.0","location":"7"}
{"time":"2020-04-08 09:50:00","sewer_and_water":"-","power":"7.0","roads_and_bridges":"5.0","medical":"-","buildings":"-","shake_intensity":"4.0","location":"7"}
{"time":"2020-04-06 05:45:00","sewer_and_water":"-","power":"3.0","roads_and_bridges":"1.0","medical":"-","buildings":"-","shake_intensity":"-","location":"7"}
{"time":"2020-04-08 10:30:00","sewer_and_water":"-","power":"7.0","roads_and_bridges":"6.0","medical":"-","buildings":"-","shake_intensity":"5.0","location":"7"}
{"time":"2020-04-08 10:30:00","sewer_and_water":"-","power":"9.0","roads_and_bridges":"6.0","medical":"-","buildings":"-","shake_intensity":"5.0","location":"7"}
{"time":"2020-04-08 10:30:00","sewer_and_water":"-","power":"7.0","roads_and_bridges":"6.0","medical":"-","buildings":"-","shake_intensity":"6.0","location":"7"}
{"time":"2020-04-08 10:30:00","sewer_and_water":"-","power":"8.0","roads_and_bridges":"6.0","medical":"-","buildings":"-","shake_intensity":"5.0","location":"7"}
{"time":"2020-04-08 10:30:00","sewer_and_water":"-","power":"9.0","roads_and_bridges":"7.0","medical":"-","buildings":"-","shake_intensity":"4.0","location":"7"}
{"time":"2020-04-07 10:35:00","sewer_and_water":"-","power":"0.0","roads_and_bridges":"8.0","medical":"-","buildings":"-","shake_intensity":"-","location":"7"}
{"time":"2020-04-08 09:00:00","sewer_and_water":"-","power":"8.0","roads_and_bridges":"6.0","medical":"-","buildings":"-","shake_intensity":"5.0","location":"7"}
{"time":"2020-04-08 09:00:00","sewer_and_water":"-","power":"9.0","roads_and_bridges":"7.0","medical":"-","buildings":"-","shake_intensity":"5.0","location":"7"}
{"time":"2020-04-08 09:00:00","sewer_and_water":"-","power":"8.0","roads_and_bridges":"6.0","medical":"-","buildings":"-","shake_intensity":"4.0","location":"7"}
{"time":"2020-04-08 09:00:00","sewer_and_water":"-","power":"10.0","roads_and_bridges":"6.0","medical":"-","buildings":"-","shake_intensity":"7.0","location":"7"}
{"time":"2020-04-08 09:00:00","sewer_and_water":"-","power":"8.0","roads_and_bridges":"5.0","medical":"-","buildings":"-","shake_intensity":"5.0","location":"7"}
{"time":"2020-04-08 10:35:00","sewer_and_water":"-","power":"8.0","roads_and_bridges":"6.0","medical":"-","buildings":"-","shake_intensity":"5.0","location":"7"}
{"time":"2020-04-08 10:35:00","sewer_and_water":"-","power":"8.0","roads_and_bridges":"4.0","medical":"-","buildings":"-","shake_intensity":"5.0","location":"7"}
{"time":"2020-04-08 10:40:00","sewer_and_water":"-","power":"8.0","roads_and_bridges":"5.0","medical":"-","buildings":"-","shake_intensity":"4.0","location":"7"}
{"time":"2020-04-08 09:30:00","sewer_and_water":"-","power":"7.0","roads_and_bridges":"5.0","medical":"-","buildings":"8.0","shake_intensity":"6.0","location":"7"}
{"time":"2020-04-08 09:30:00","sewer_and_water":"-","power":"8.0","roads_and_bridges":"6.0","medical":"-","buildings":"-","shake_intensity":"5.0","location":"7"}
{"time":"2020-04-08 09:30:00","sewer_and_water":"10.0","power":"9.0","roads_and_bridges":"6.0","medical":"-","buildings":"-","shake_intensity":"5.0","location":"7"}
{"time":"2020-04-08 09:30:00","sewer_and_water":"-","power":"7.0","roads_and_bridges":"6.0","medical":"-","buildings":"-","shake_intensity":"4.0","location":"7"}
{"time":"2020-04-08 09:30:00","sewer_and_water":"-","power":"8.0","roads_and_bridges":"6.0","medical":"-","buildings":"-","shake_intensity":"5.0","location":"7"}
{"time":"2020-04-08 09:30:00","sewer_and_water":"-","power":"7.0","roads_and_bridges":"7.0","medical":"-","buildings":"-","shake_intensity":"5.0","location":"7"}
{"time":"2020-04-08 10:00:00","sewer_and_water":"-","power":"8.0","roads_and_bridges":"6.0","medical":"-","buildings":"-","shake_intensity":"4.0","location":"7"}
{"time":"2020-04-08 10:00:00","sewer_and_water":"-","power":"8.0","roads_and_bridges":"6.0","medical":"-","buildings":"-","shake_intensity":"5.0","location":"7"}
{"time":"2020-04-08 10:00:00","sewer_and_water":"-","power":"8.0","roads_and_bridges":"6.0","medical":"-","buildings":"-","shake_intensity":"5.0","location":"7"}
{"time":"2020-04-08 10:00:00","sewer_and_water":"-","power":"8.0","roads_and_bridges":"6.0","medical":"-","buildings":"-","shake_intensity":"5.0","location":"7"}
{"time":"2020-04-08 10:55:00","sewer_and_water":"-","power":"7.0","roads_and_bridges":"7.0","medical":"-","buildings":"-","shake_intensity":"6.0","location":"7"}
{"time":"2020-04-08 10:55:00","sewer_and_water":"-","power":"8.0","roads_and_bridges":"7.0","medical":"-","buildings":"-","shake_intensity":"4.0","location":"7"}
{"time":"2020-04-08 10:55:00","sewer_and_water":"-","power":"8.0","roads_and_bridges":"5.0","medical":"-","buildings":"-","shake_intensity":"6.0","location":"7"}
{"time":"2020-04-06 13:20:00","sewer_and_water":"-","power":"4.0","roads_and_bridges":"8.0","medical":"-","buildings":"-","shake_intensity":"-","location":"7"}
{"time":"2020-04-08 10:05:00","sewer_and_water":"-","power":"7.0","roads_and_bridges":"7.0","medical":"-","buildings":"-","shake_intensity":"4.0","location":"7"}
{"time":"2020-04-08 10:05:00","sewer_and_water":"-","power":"8.0","roads_and_bridges":"6.0","medical":"-","buildings":"-","shake_intensity":"4.0","location":"7"}
{"time":"2020-04-08 10:05:00","sewer_and_water":"-","power":"8.0","roads_and_bridges":"5.0","medical":"-","buildings":"-","shake_intensity":"5.0","location":"7"}
{"time":"2020-04-08 10:05:00","sewer_and_water":"-","power":"8.0","roads_and_bridges":"7.0","medical":"-","buildings":"-","shake_intensity":"6.0","location":"7"}
{"time":"2020-04-08 10:05:00","sewer_and_water":"-","power":"8.0","roads_and_bridges":"6.0","medical":"-","buildings":"-","shake_intensity":"6.0","location":"7"}
{"time":"2020-04-08 13:00:00","sewer_and_water":"-","power":"7.0","roads_and_bridges":"7.0","medical":"-","buildings":"-","shake_intensity":"5.0","location":"7"}
{"time":"2020-04-08 10:10:00","sewer_and_water":"-","power":"8.0","roads_and_bridges":"7.0","medical":"-","buildings":"-","shake_intensity":"5.0","location":"7"}
{"time":"2020-04-08 10:10:00","sewer_and_water":"-","power":"8.0","roads_and_bridges":"5.0","medical":"-","buildings":"-","shake_intensity":"5.0","location":"7"}
{"time":"2020-04-08 10:10:00","sewer_and_water":"-","power":"7.0","roads_and_bridges":"6.0","medical":"-","buildings":"-","shake_intensity":"5.0","location":"7"}
{"time":"2020-04-06 16:30:00","sewer_and_water":"-","power":"3.0","roads_and_bridges":"3.0","medical":"-","buildings":"-","shake_intensity":"-","location":"7"}
{"time":"2020-04-08 10:20:00","sewer_and_water":"-","power":"9.0","roads_and_bridges":"5.0","medical":"-","buildings":"-","shake_intensity":"6.0","location":"7"}
{"time":"2020-04-08 10:20:00","sewer_and_water":"-","power":"8.0","roads_and_bridges":"6.0","medical":"-","buildings":"-","shake_intensity":"5.0","location":"7"}
{"time":"2020-04-08 13:15:00","sewer_and_water":"-","power":"8.0","roads_and_bridges":"7.0","medical":"6.0","buildings":"-","shake_intensity":"0.0","location":"7"}
{"time":"2020-04-08 15:15:00","sewer_and_water":"-","power":"8.0","roads_and_bridges":"7.0","medical":"-","buildings":"-","shake_intensity":"5.0","location":"7"}
{"time":"2020-04-08 08:45:00","sewer_and_water":"-","power":"8.0","roads_and_bridges":"6.0","medical":"-","buildings":"-","shake_intensity":"5.0","location":"7"}
{"time":"2020-04-08 08:45:00","sewer_and_water":"-","power":"7.0","roads_and_bridges":"7.0","medical":"-","buildings":"-","shake_intensity":"5.0","location":"7"}
{"time":"2020-04-08 08:45:00","sewer_and_water":"-","power":"8.0","roads_and_bridges":"5.0","medical":"-","buildings":"-","shake_intensity":"5.0","location":"7"}
{"time":"2020-04-08 08:45:00","sewer_and_water":"-","power":"7.0","roads_and_bridges":"6.0","medical":"-","buildings":"-","shake_intensity":"6.0","location":"7"}
{"time":"2020-04-08 11:50:00","sewer_and_water":"-","power":"9.0","roads_and_bridges":"6.0","medical":"-","buildings":"-","shake_intensity":"5.0","location":"7"}
{"time":"2020-04-08 11:50:00","sewer_and_water":"-","power":"9.0","roads_and_bridges":"6.0","medical":"-","buildings":"-","shake_intensity":"6.0","location":"7"}
{"time":"2020-04-08 11:50:00","sewer_and_water":"-","power":"8.0","roads_and_bridges":"5.0","medical":"-","buildings":"-","shake_intensity":"5.0","location":"7"}
{"time":"2020-04-08 17:45:00","sewer_and_water":"-","power":"10.0","roads_and_bridges":"10.0","medical":"-","buildings":"-","shake_intensity":"0.0","location":"7"}
{"time":"2020-04-08 12:20:00","sewer_and_water":"-","power":"8.0","roads_and_bridges":"6.0","medical":"-","buildings":"-","shake_intensity":"4.0","location":"7"}
{"time":"2020-04-09 15:45:00","sewer_and_water":"-","power":"8.0","roads_and_bridges":"6.0","medical":"-","buildings":"-","shake_intensity":"4.0","location":"7"}
{"time":"2020-04-09 15:45:00","sewer_and_water":"-","power":"9.0","roads_and_bridges":"6.0","medical":"-","buildings":"-","shake_intensity":"5.0","location":"7"}
{"time":"2020-04-08 12:25:00","sewer_and_water":"-","power":"1.0","roads_and_bridges":"3.0","medical":"-","buildings":"-","shake_intensity":"-","location":"7"}
{"time":"2020-04-08 12:25:00","sewer_and_water":"-","power":"7.0","roads_and_bridges":"5.0","medical":"-","buildings":"-","shake_intensity":"1.0","location":"7"}
{"time":"2020-04-08 08:55:00","sewer_and_water":"-","power":"9.0","roads_and_bridges":"6.0","medical":"-","buildings":"-","shake_intensity":"3.0","location":"7"}
{"time":"2020-04-08 08:55:00","sewer_and_water":"-","power":"10.0","roads_and_bridges":"6.0","medical":"-","buildings":"-","shake_intensity":"6.0","location":"7"}
{"time":"2020-04-08 08:55:00","sewer_and_water":"-","power":"8.0","roads_and_bridges":"7.0","medical":"-","buildings":"-","shake_intensity":"5.0","location":"7"}
{"time":"2020-04-08 12:30:00","sewer_and_water":"-","power":"9.0","roads_and_bridges":"6.0","medical":"-","buildings":"-","shake_intensity":"5.0","location":"7"}
{"time":"2020-04-08 09:25:00","sewer_and_water":"-","power":"8.0","roads_and_bridges":"6.0","medical":"-","buildings":"-","shake_intensity":"6.0","location":"7"}
{"time":"2020-04-08 09:25:00","sewer_and_water":"-","power":"9.0","roads_and_bridges":"6.0","medical":"-","buildings":"-","shake_intensity":"6.0","location":"7"}
{"time":"2020-04-08 09:25:00","sewer_and_water":"-","power":"7.0","roads_and_bridges":"5.0","medical":"-","buildings":"-","shake_intensity":"5.0","location":"7"}
{"time":"2020-04-08 09:25:00","sewer_and_water":"-","power":"7.0","roads_and_bridges":"6.0","medical":"-","buildings":"-","shake_intensity":"6.0","location":"7"}
{"time":"2020-04-08 09:25:00","sewer_and_water":"-","power":"8.0","roads_and_bridges":"6.0","medical":"-","buildings":"-","shake_intensity":"5.0","location":"7"}
{"time":"2020-04-08 09:25:00","sewer_and_water":"-","power":"9.0","roads_and_bridges":"6.0","medical":"-","buildings":"-","shake_intensity":"4.0","location":"7"}
{"time":"2020-04-08 09:25:00","sewer_and_water":"-","power":"8.0","roads_and_bridges":"5.0","medical":"-","buildings":"-","shake_intensity":"4.0","location":"7"}
{"time":"2020-04-08 09:25:00","sewer_and_water":"-","power":"9.0","roads_and_bridges":"6.0","medical":"-","buildings":"-","shake_intensity":"5.0","location":"7"}
{"time":"2020-04-08 09:25:00","sewer_and_water":"-","power":"8.0","roads_and_bridges":"5.0","medical":"-","buildings":"-","shake_intensity":"4.0","location":"7"}
{"time":"2020-04-08 09:25:00","sewer_and_water":"-","power":"8.0","roads_and_bridges":"6.0","medical":"-","buildings":"-","shake_intensity":"4.0","location":"7"}
{"time":"2020-04-08 09:25:00","sewer_and_water":"-","power":"8.0","roads_and_bridges":"6.0","medical":"-","buildings":"-","shake_intensity":"5.0","location":"7"}
{"time":"2020-04-08 09:25:00","sewer_and_water":"-","power":"7.0","roads_and_bridges":"5.0","medical":"-","buildings":"-","shake_intensity":"5.0","location":"7"}
{"time":"2020-04-08 09:25:00","sewer_and_water":"-","power":"8.0","roads_and_bridges":"6.0","medical":"-","buildings":"-","shake_intensity":"5.0","location":"7"}
{"time":"2020-04-09 16:35:00","sewer_and_water":"-","power":"7.0","roads_and_bridges":"6.0","medical":"-","buildings":"-","shake_intensity":"4.0","location":"7"}
{"time":"2020-04-09 17:00:00","sewer_and_water":"-","power":"8.0","roads_and_bridges":"7.0","medical":"-","buildings":"-","shake_intensity":"4.0","location":"7"}
{"time":"2020-04-09 17:25:00","sewer_and_water":"-","power":"8.0","roads_and_bridges":"6.0","medical":"-","buildings":"-","shake_intensity":"4.0","location":"7"}
{"time":"2020-04-09 18:10:00","sewer_and_water":"-","power":"8.0","roads_and_bridges":"7.0","medical":"-","buildings":"-","shake_intensity":"4.0","location":"7"}
{"time":"2020-04-10 20:55:00","sewer_and_water":"-","power":"10.0","roads_and_bridges":"0.0","medical":"-","buildings":"-","shake_intensity":"-","location":"7"}
{"time":"2020-04-08 09:15:00","sewer_and_water":"-","power":"9.0","roads_and_bridges":"6.0","medical":"-","buildings":"-","shake_intensity":"4.0","location":"7"}
{"time":"2020-04-08 09:15:00","sewer_and_water":"-","power":"8.0","roads_and_bridges":"7.0","medical":"-","buildings":"-","shake_intensity":"6.0","location":"7"}
{"time":"2020-04-08 09:15:00","sewer_and_water":"-","power":"9.0","roads_and_bridges":"6.0","medical":"-","buildings":"-","shake_intensity":"6.0","location":"7"}
{"time":"2020-04-08 09:15:00","sewer_and_water":"-","power":"8.0","roads_and_bridges":"7.0","medical":"-","buildings":"-","shake_intensity":"5.0","location":"7"}
{"time":"2020-04-08 09:15:00","sewer_and_water":"-","power":"8.0","roads_and_bridges":"6.0","medical":"-","buildings":"-","shake_intensity":"3.0","location":"7"}
{"time":"2020-04-08 09:45:00","sewer_and_water":"-","power":"7.0","roads_and_bridges":"6.0","medical":"-","buildings":"-","shake_intensity":"5.0","location":"7"}
{"time":"2020-04-08 09:45:00","sewer_and_water":"-","power":"7.0","roads_and_bridges":"6.0","medical":"-","buildings":"-","shake_intensity":"5.0","location":"7"}
{"time":"2020-04-08 09:45:00","sewer_and_water":"-","power":"7.0","roads_and_bridges":"6.0","medical":"-","buildings":"-","shake_intensity":"6.0","location":"7"}
{"time":"2020-04-08 09:45:00","sewer_and_water":"-","power":"8.0","roads_and_bridges":"7.0","medical":"-","buildings":"-","shake_intensity":"5.0","location":"7"}
{"time":"2020-04-08 09:45:00","sewer_and_water":"-","power":"9.0","roads_and_bridges":"6.0","medical":"-","buildings":"-","shake_intensity":"6.0","location":"7"}
{"time":"2020-04-08 09:45:00","sewer_and_water":"-","power":"7.0","roads_and_bridges":"7.0","medical":"-","buildings":"-","shake_intensity":"5.0","location":"7"}
{"time":"2020-04-08 11:25:00","sewer_and_water":"-","power":"7.0","roads_and_bridges":"5.0","medical":"-","buildings":"-","shake_intensity":"5.0","location":"7"}
{"time":"2020-04-08 11:30:00","sewer_and_water":"-","power":"8.0","roads_and_bridges":"6.0","medical":"-","buildings":"-","shake_intensity":"5.0","location":"7"}
{"time":"2020-04-08 11:30:00","sewer_and_water":"-","power":"8.0","roads_and_bridges":"6.0","medical":"-","buildings":"-","shake_intensity":"5.0","location":"7"}
{"time":"2020-04-08 11:30:00","sewer_and_water":"-","power":"8.0","roads_and_bridges":"7.0","medical":"-","buildings":"-","shake_intensity":"5.0","location":"7"}
{"time":"2020-04-09 17:05:00","sewer_and_water":"-","power":"8.0","roads_and_bridges":"6.0","medical":"-","buildings":"-","shake_intensity":"3.0","location":"7"}
{"time":"2020-04-09 17:20:00","sewer_and_water":"-","power":"8.0","roads_and_bridges":"6.0","medical":"-","buildings":"-","shake_intensity":"5.0","location":"7"}
{"time":"2020-04-09 17:20:00","sewer_and_water":"-","power":"8.0","roads_and_bridges":"6.0","medical":"-","buildings":"-","shake_intensity":"5.0","location":"7"}
{"time":"2020-04-09 18:05:00","sewer_and_water":"-","power":"8.0","roads_and_bridges":"7.0","medical":"-","buildings":"-","shake_intensity":"4.0","location":"7"}
{"time":"2020-04-08 11:35:00","sewer_and_water":"-","power":"8.0","roads_and_bridges":"6.0","medical":"-","buildings":"-","shake_intensity":"6.0","location":"7"}
{"time":"2020-04-08 11:35:00","sewer_and_water":"-","power":"8.0","roads_and_bridges":"8.0","medical":"-","buildings":"-","shake_intensity":"5.0","location":"7"}
{"time":"2020-04-08 11:35:00","sewer_and_water":"-","power":"9.0","roads_and_bridges":"5.0","medical":"-","buildings":"-","shake_intensity":"6.0","location":"7"}
{"time":"2020-04-08 09:55:00","sewer_and_water":"-","power":"7.0","roads_and_bridges":"6.0","medical":"-","buildings":"-","shake_intensity":"5.0","location":"7"}
{"time":"2020-04-08 11:40:00","sewer_and_water":"-","power":"8.0","roads_and_bridges":"8.0","medical":"-","buildings":"-","shake_intensity":"6.0","location":"7"}
{"time":"2020-04-08 11:40:00","sewer_and_water":"-","power":"8.0","roads_and_bridges":"6.0","medical":"-","buildings":"-","shake_intensity":"5.0","location":"7"}
{"time":"2020-04-09 15:25:00","sewer_and_water":"-","power":"8.0","roads_and_bridges":"5.0","medical":"-","buildings":"-","shake_intensity":"4.0","location":"7"}
{"time":"2020-04-09 16:10:00","sewer_and_water":"-","power":"8.0","roads_and_bridges":"6.0","medical":"-","buildings":"-","shake_intensity":"5.0","location":"7"}
{"time":"2020-04-09 16:15:00","sewer_and_water":"-","power":"7.0","roads_and_bridges":"7.0","medical":"-","buildings":"-","shake_intensity":"4.0","location":"7"}
{"time":"2020-04-09 16:45:00","sewer_and_water":"-","power":"7.0","roads_and_bridges":"7.0","medical":"-","buildings":"-","shake_intensity":"6.0","location":"7"}
